{"0.0008819141547010227": [0.6, 0, -0.00951052981781078], "0.0016673983330055073": [0.6, 1, -0.010117189190352083], "0.002657056297944532": [0.6, 2, -0.010345725253245475], "0.003488775447482298": [0.6, 3, -0.010682370088758848], "0.004413622854789536": [0.6, 4, -0.010981113849822978], "0.005302595612460659": [0.6, 5, -0.011207620414535801], "0.006272364280094417": [0.6, 6, -0.011509892708743114], "0.007107224564811172": [0.6, 7, -0.011637447445416992], "0.00801838626696499": [0.6, 8, -0.011801274986477173], "0.008859022638424472": [0.6, 9, -0.012237024089053895], "0.0010336380064909518": [0.61, 0, -0.00950869762981904], "0.0018020007621951215": [0.61, 1, -0.010347582028176629], "0.0029408177001376875": [0.61, 2, -0.010557848458398897], "0.003789934721675847": [0.61, 3, -0.011046060864968527], "0.0048682679423190395": [0.61, 4, -0.01145549871533242], "0.005810810262588512": [0.61, 5, -0.011856439626770262], "0.006836563698613294": [0.61, 6, -0.01211103077670142], "0.007751862153324152": [0.61, 7, -0.012500392008015355], "0.008715141405635328": [0.61, 8, -0.01288860180222266], "0.009687404264604639": [0.61, 9, -0.01321600993927025], "0.0011837735419944924": [0.62, 0, -0.009607678501180173], "0.0019502836718135322": [0.62, 1, -0.010408111692319038], "0.003180561104691188": [0.62, 2, -0.010725826428501183], "0.004129925378638867": [0.62, 3, -0.01123046321793863], "0.005280809279110935": [0.62, 4, -0.011518176509638083], "0.00634130559721676": [0.62, 5, -0.01202710110764163], "0.0074011363776062145": [0.62, 6, -0.012400506029946884], "0.008383998666158535": [0.62, 7, -0.01270371324252556], "0.009496520179730527": [0.62, 8, -0.013145278846626673], "0.010493653188926042": [0.62, 9, -0.013520499514407949], "0.0013185623709185683": [0.63, 0, -0.009842309666355234], "0.002143398099429583": [0.63, 1, -0.010396609922059402], "0.0033987331579464993": [0.63, 2, -0.010845523794010622], "0.004532842465332417": [0.63, 3, -0.011323154750196693], "0.0057414345249803276": [0.63, 4, -0.011858837929042099], "0.006859691249508262": [0.63, 5, -0.012117974435729732], "0.008017437672108578": [0.63, 6, -0.012496762514752166], "0.009094896673387092": [0.63, 7, -0.013097618447580638], "0.010264946246803696": [0.63, 8, -0.013380080430025568], "0.011367408014112908": [0.63, 9, -0.013910943800403235], "0.0014319070859559397": [0.64, 0, -0.009970317878392997], "0.0023730740743017316": [0.64, 1, -0.01041762437917978], "0.0036448637883556264": [0.64, 2, -0.011056379849773802], "0.004935434850757278": [0.64, 3, -0.0114770437893391], "0.006229049007916995": [0.64, 4, -0.011979272749065703], "0.007382736895161291": [0.64, 5, -0.01242742565524194], "0.008624493355379624": [0.64, 6, -0.012952039486624704], "0.009829695490755313": [0.64, 7, -0.01334057060139653], "0.011075600689663647": [0.64, 8, -0.013904062684402049], "0.012250601150668766": [0.64, 9, -0.014353372559746254], "0.0015258193597560976": [0.65, 0, -0.010134425249557438], "0.0026069195330940204": [0.65, 1, -0.010498376800993315], "0.003918094450727774": [0.65, 2, -0.01112689027463611], "0.005301818818843428": [0.65, 3, -0.01161162839299764], "0.006708079729297795": [0.65, 4, -0.012135107690794648], "0.007957156950727773": [0.65, 5, -0.01253477837947482], "0.009312868804091268": [0.65, 6, -0.013157955718922108], "0.010556491720348147": [0.65, 7, -0.013686361624704954], "0.011908144270013767": [0.65, 8, -0.014202886660356023], "0.013138004800599921": [0.65, 9, -0.014520416072482313], "0.0016122682680959877": [0.66, 0, -0.01025737393046814], "0.0028415609940499608": [0.66, 1, -0.010529115546321792], "0.004240465645898898": [0.66, 2, -0.01131340818007475], "0.00571453994762982": [0.66, 3, -0.011883704698564123], "0.007179294108969317": [0.66, 4, -0.012338559850757276], "0.00850792590725807": [0.66, 5, -0.012839030997983876], "0.009999387785208497": [0.66, 6, -0.013330541742476403], "0.011339310059746262": [0.66, 7, -0.013986421709038174], "0.012763335341266719": [0.66, 8, -0.01453015818622148], "0.013911228855232105": [0.66, 9, -0.014179875743754913], "0.0017043245353068452": [0.67, 0, -0.010266474325088513], "0.00305282119762982": [0.67, 1, -0.010636124053402833], "0.004590491154848543": [0.67, 2, -0.01138647380261605], "0.006147565278324152": [0.67, 3, -0.012007807582612122], "0.007692830755802518": [0.67, 4, -0.012554321769276162], "0.009131856221725023": [0.67, 5, -0.013174826047403634], "0.010683823484215182": [0.67, 6, -0.01378493112583596], "0.012118100136457515": [0.67, 7, -0.014276682668666383], "0.01354637311909913": [0.67, 8, -0.014244171051337547], "0.014555522994935092": [0.67, 9, -0.013887261814024388], "0.0018073619443351693": [0.68, 0, -0.01035907734436467], "0.0032313870721872536": [0.68, 1, -0.010770899205841853], "0.004938727041945318": [0.68, 2, -0.011464371988099924], "0.006574516559303704": [0.68, 3, -0.012106989452202975], "0.008192680621803701": [0.68, 4, -0.01260720996631589], "0.009763737491394569": [0.68, 5, -0.013236909606117233], "0.011411047833890634": [0.68, 6, -0.013933620488296621], "0.01290556218036979": [0.68, 7, -0.014415729494492522], "0.014212898001081825": [0.68, 8, -0.013984150797846186], "0.015098754978855228": [0.68, 9, -0.013745985413798201], "0.0019208066974822965": [0.69, 0, -0.010415762225855624], "0.003408460212185287": [0.69, 1, -0.010842629142899286], "0.005254121232051531": [0.69, 2, -0.011588617937401659], "0.006986171690597956": [0.69, 3, -0.012250834265588121], "0.008716121656176237": [0.69, 4, -0.012968835593282848], "0.010378925151209676": [0.69, 5, -0.013482176159274193], "0.012128895646882376": [0.69, 6, -0.014243720649341058], "0.013615261574301731": [0.69, 7, -0.014166017776357199], "0.014774684211496861": [0.69, 8, -0.013867461951711244], "0.015561582599822972": [0.69, 9, -0.013677594536782082], "0.002050997307730133": [0.7, 0, -0.010446748069925254], "0.0036059352871754516": [0.7, 1, -0.010974250098347755], "0.005599237804878047": [0.7, 2, -0.011832280039093231], "0.00741507963095004": [0.7, 3, -0.012474652094807248], "0.009291521808615264": [0.7, 4, -0.013248171807385922], "0.011030519767899288": [0.7, 5, -0.013898645105969706], "0.01285331462677026": [0.7, 6, -0.014483593442663246], "0.014225806451612904": [0.7, 7, -0.014015498991935478], "0.015254949811909918": [0.7, 8, -0.013778538828924075], "0.015954161493164823": [0.7, 9, -0.013558091254425645], "0.002210587904455153": [0.71, 0, -0.010346870236280486], "0.003822205233330056": [0.71, 1, -0.011172866007326908], "0.005969096983182532": [0.71, 2, -0.012001748131392613], "0.007877612054976398": [0.71, 3, -0.012612353246705357], "0.009862386131736822": [0.71, 4, -0.01340888694925257], "0.01169000725314713": [0.71, 5, -0.01398551552665224], "0.013515110979297801": [0.71, 6, -0.014269646501278519], "0.014744883611575537": [0.71, 7, -0.013903626112558994], "0.015666020696056254": [0.71, 8, -0.013587966844512194], "0.016291061264506284": [0.71, 9, -0.013439257044158161], "0.002388720741542092": [0.72, 0, -0.010375542603019275], "0.00405571861477183": [0.72, 1, -0.011242364986968916], "0.006340552314860345": [0.72, 2, -0.01211962114599724], "0.008314495691138866": [0.72, 3, -0.012740039830841852], "0.010419347308959477": [0.72, 4, -0.013627350665076709], "0.012326170491984659": [0.72, 5, -0.014274241492918963], "0.014087259662667188": [0.72, 6, -0.01402334345495673], "0.015187620937008255": [0.72, 7, -0.013802752661536192], "0.01601577451932534": [0.72, 8, -0.013563512059893769], "0.016577193462332815": [0.72, 9, -0.013465908057140038], "0.0025640979973937843": [0.73, 0, -0.01045205823416601], "0.0043258525521243105": [0.73, 1, -0.011301035417486229], "0.006702041637981905": [0.73, 2, -0.01217632293100905], "0.008786416023308418": [0.73, 3, -0.013047883218184498], "0.010999038035995286": [0.73, 4, -0.013789165457808818], "0.012940589963611327": [0.73, 5, -0.01432182321375888], "0.014570590947088914": [0.73, 6, -0.013909260978068445], "0.015566570675157359": [0.73, 7, -0.013574294047501977],